<?xml version="1.0" encoding="UTF-8" standalone="yes"?>
<addon id="rickytv" name="Canais Ricky TV" version="0.0.2" provider-name="rickytv">
	<extension point="xbmc.addon.repository" name="Canais Ricky">
		<info compressed="false">http://raw.github.com/rickytv/rickytv/master/addons.xml</info>
		<checksum>http://raw.github.com/rickytv/rickytv/master/addons.xml.md5</checksum>
		<datadir zip="true">http://raw.github.com/rickytv/rickytv/master/repo/</datadir>
	</extension>
	<extension point="xbmc.addon.metadata">
		<summary>Ricky TV</summary>
		<description>Addon Description</description>
		<disclaimer></disclaimer>
		<platform>all</platform>
	</extension>
</addon>